{
  "girls": [
    { "id": "001", "name": "依柔", "imageFile": "001.jpg", "desc": "" },
    { "id": "002", "name": "暖暖", "imageFile": "002.jpg", "desc": "" },
    { "id": "003", "name": "悠悠", "imageFile": "003.jpg", "desc": "" },
    { "id": "004", "name": "甜甜", "imageFile": "004.jpg", "desc": "" },
    { "id": "005", "name": "萌萌", "imageFile": "005.jpg", "desc": "" },
    { "id": "006", "name": "梨梨", "imageFile": "006.jpg", "desc": "" },
    { "id": "007", "name": "柚柚", "imageFile": "007.jpg", "desc": "" },

    { "id": "008", "name": "葵葵", "videoFile": "008.mp4", "desc": "" },
    { "id": "009", "name": "樱樱", "videoFile": "009.mp4", "desc": "" },
    { "id": "010", "name": "桃桃", "videoFile": "010.mp4", "desc": "" },
    { "id": "011", "name": "橙橙", "videoFile": "011.mp4", "desc": "" },
    { "id": "012", "name": "杏杏", "videoFile": "012.mp4", "desc": "" },

    { "id": "013", "name": "蜜蜜", "imageFile": "013.jpg", "desc": "" },
    { "id": "014", "name": "糖糖", "imageFile": "014.jpg", "desc": "" },

    { "id": "015", "name": "奶奶", "videoFile": "015.mp4", "desc": "" },
    { "id": "016", "name": "兔兔", "videoFile": "016.mp4", "desc": "" },

    { "id": "017", "name": "猫猫", "imageFile": "017.jpg", "desc": "" },

    { "id": "018", "name": "鱼鱼", "videoFile": "018.mp4", "desc": "" },
    { "id": "019", "name": "星儿", "videoFile": "019.mp4", "desc": "" },

    { "id": "020", "name": "月瑶", "imageFile": "020.jpg", "desc": "" },
    { "id": "021", "name": "雪霏", "imageFile": "021.jpg", "desc": "" },
    { "id": "022", "name": "雨桐", "imageFile": "022.jpg", "desc": "" },

    { "id": "023", "name": "晴晴", "videoFile": "023.mp4", "desc": "" },
    { "id": "024", "name": "霜霜", "videoFile": "024.mp4", "desc": "" },
    { "id": "025", "name": "雾雾", "videoFile": "025.mp4", "desc": "" },
    { "id": "026", "name": "铃铃", "videoFile": "026.mp4", "desc": "" },
    { "id": "027", "name": "朵朵", "videoFile": "027.mp4", "desc": "" },

    { "id": "028", "name": "豆豆", "imageFile": "028.jpg", "desc": "" },

    { "id": "029", "name": "花染", "videoFile": "029.mp4", "desc": "" },

    { "id": "030", "name": "宝儿", "imageFile": "030.jpg", "desc": "" },

    { "id": "031", "name": "珠珠", "videoFile": "031.mp4", "desc": "" }
  ]
}
